,,,,,PRIVATE KEY CONVERTED,,Bits,Range (HEX),Private Key,,Address
1,,1...1,1,1BgGZ9tcN4rm9KBzDn7KprQz87SZ26SAMH,,,,,,,
2,,2...3,3,1CUNEBjYrCn2y1SdiUMohaKUi4wpP326Lb 0 0.0021 4,,,,,,,
3,,4...7,7,19ZewH8Kk1PDbSNdJ97FP4EiCjTRaZMZQA 0 0.0031 4,,,,,,,
4,,8...f,8,1EhqbyUMvvs7BfL8goY6qcPbD6YKfPqb7e 0 0.004 2,,,,,,,
5,,10...1f,15,1E6NuFjCi27W5zoXg8TRdcSRq84zJeBW3k 0 0.005 2,,,,,,,
6,,20...3f,31,1PitScNLyp2HCygzadCh7FveTnfmpPbfp8 0 0.00618097 6,,,,,,,
7,,40...7f,000000000000000000000000000000000000000000000000000000000000004c,1McVt1vMtCC7yn5b9wgX1833yCcLXzueeC 0 0.007 2,L,,1,1...1,1,,1BgGZ9tcN4rm9KBzDn7KprQz87SZ26SAMH
8,,80...ff,0,1M92tSqNmQLYw33fuBvjmeadirh1ysMBxK 0 0.008 2,,,2,2...3,3,,1CUNEBjYrCn2y1SdiUMohaKUi4wpP326Lb 0 0.0021 4
9,,100...1ff,00000000000000000000000000000000000000000000000000000000000001d3,1CQFwcjw1dwhtkVWBttNLDtqL7ivBonGPV 0 0.018 4,467,,3,4...7,7,,19ZewH8Kk1PDbSNdJ97FP4EiCjTRaZMZQA 0 0.0031 4
10,,200...3ff,202,1LeBZP5QCwwgXRtmVUvTVrraqPUokyLHqe 0 0.01012795 4,,,4,8...f,8,,1EhqbyUMvvs7BfL8goY6qcPbD6YKfPqb7e 0 0.004 2
11,,400...7ff,483,1PgQVLmst3Z314JrQn5TNiys8Hc38TcXJu 0 0.011 2,,,5,10...1f,15,,1E6NuFjCi27W5zoXg8TRdcSRq84zJeBW3k 0 0.005 2
12,,800...fff,0000000000000000000000000000000000000000000000000000000000000a7b,1DBaumZxUkM4qMQRt2LVWyFJq5kDtSZQot 0 0.01200961 4,2683,{,6,20...3f,31,,1PitScNLyp2HCygzadCh7FveTnfmpPbfp8 0 0.00618097 6
13,,1000...1fff,1460,1Pie8JkxBT6MGPz9Nvi3fsPkr2D8q3GBc1 0 0.013 2,,,7,40...7f,000000000000000000000000000000000000000000000000000000000000004c,,1McVt1vMtCC7yn5b9wgX1833yCcLXzueeC 0 0.007 2
14,,2000...3fff,2930,1ErZWg5cFCe4Vw5BzgfzB74VNLaXEiEkhk 0 0.014 2,,,8,80...ff,0,,1M92tSqNmQLYw33fuBvjmeadirh1ysMBxK 0 0.008 2
15,,4000...7fff,00000000000000000000000000000000000000000000000000000000000068f3,1QCbW9HWnwQWiQqVo5exhAnmfqKRrCRsvW 0 0.015 2,26867,hó,9,100...1ff,00000000000000000000000000000000000000000000000000000000000001d3,,1CQFwcjw1dwhtkVWBttNLDtqL7ivBonGPV 0 0.018 4
16,,8000...ffff,000000000000000000000000000000000000000000000000000000000000c936,1BDyrQ6WoF8VN3g9SAS1iKZcPzFfnDVieY 0 0.01601 4,51510,É6,10,200...3ff,202,,1LeBZP5QCwwgXRtmVUvTVrraqPUokyLHqe 0 0.01012795 4
17,,10000...1ffff,000000000000000000000000000000000000000000000000000000000001764f,1HduPEXZRdG26SUT5Yk83mLkPyjnZuJ7Bm 0 0.017 2,,,11,400...7ff,483,,1PgQVLmst3Z314JrQn5TNiys8Hc38TcXJu 0 0.011 2
18,,20000...3ffff,000000000000000000000000000000000000000000000000000000000003080d,1GnNTmTVLZiqQfLbAdp9DVdicEnB5GoERE 0 0.018 2,,,12,800...fff,0000000000000000000000000000000000000000000000000000000000000a7b,,1DBaumZxUkM4qMQRt2LVWyFJq5kDtSZQot 0 0.01200961 4
19,,40000...7ffff,000000000000000000000000000000000000000000000000000000000005749f,1NWmZRpHH4XSPwsW6dsS3nrNWfL1yrJj4w 0 0.019 2,,,13,1000...1fff,1460,,1Pie8JkxBT6MGPz9Nvi3fsPkr2D8q3GBc1 0 0.013 2
20,,80000...fffff,00000000000000000000000000000000000000000000000000000000000d2c55,1HsMJxNiV7TLxmoF6uJNkydxPFDog4NQum 0 0.02 2,,,14,2000...3fff,2930,,1ErZWg5cFCe4Vw5BzgfzB74VNLaXEiEkhk 0 0.014 2
,,,,,,,15,4000...7fff,00000000000000000000000000000000000000000000000000000000000068f3,26867,1QCbW9HWnwQWiQqVo5exhAnmfqKRrCRsvW 0 0.015 2
,,,,,,,16,8000...ffff,000000000000000000000000000000000000000000000000000000000000c936,,1BDyrQ6WoF8VN3g9SAS1iKZcPzFfnDVieY 0 0.01601 4
,,,,,,,17,10000...1ffff,000000000000000000000000000000000000000000000000000000000001764f,,1HduPEXZRdG26SUT5Yk83mLkPyjnZuJ7Bm 0 0.017 2
,,,,,,,18,20000...3ffff,000000000000000000000000000000000000000000000000000000000003080d,,1GnNTmTVLZiqQfLbAdp9DVdicEnB5GoERE 0 0.018 2
,,,,,,,19,40000...7ffff,000000000000000000000000000000000000000000000000000000000005749f,,1NWmZRpHH4XSPwsW6dsS3nrNWfL1yrJj4w 0 0.019 2
,,,,,,,20,80000...fffff,00000000000000000000000000000000000000000000000000000000000d2c55,,1HsMJxNiV7TLxmoF6uJNkydxPFDog4NQum 0 0.02 2
,,,,,,,21,100000...1fffff,00000000000000000000000000000000000000000000000000000000001ba534,,14oFNXucftsHiUMY8uctg6N487riuyXs4h 0 0.02201813 8
,,,,,,,22,200000...3fffff,00000000000000000000000000000000000000000000000000000000002de40f,,1CfZWK1QTQE3eS9qn61dQjV89KDjZzfNcv 0 0.022 2
,,,,,,,23,400000...7fffff,5.56E+54,,1L2GM8eE7mJWLdo3HZS6su1832NX2txaac 0 0.023 2
,,,,,,,24,800000...ffffff,0000000000000000000000000000000000000000000000000000000000dc2a04,,1rSnXMr63jdCuegJFuidJqWxUPV7AtUf7 0 0.024 2
,,,,,,,25,1000000...1ffffff,0000000000000000000000000000000000000000000000000000000001fa5ee5,,15JhYXn6Mx3oF4Y7PcTAv2wVVAuCFFQNiP 0 0.025 2
,,,,,,,26,2000000...3ffffff,000000000000000000000000000000000000000000000000000000000340326e,,1JVnST957hGztonaWK6FougdtjxzHzRMMg 0 0.026 2
,,,,,,,27,4000000...7ffffff,0000000000000000000000000000000000000000000000000000000006ac3875,,128z5d7nN7PkCuX5qoA4Ys6pmxUYnEy86k 0 0.027 2
,,,,,,,28,8000000...fffffff,000000000000000000000000000000000000000000000000000000000d916ce8,,12jbtzBb54r97TCwW3G1gCFoumpckRAPdY 0 0.028 2
,,,,,,,29,10000000...1fffffff,0000000000000000000000000000000000000000000000000000000017e2551e,,19EEC52krRUK1RkUAEZmQdjTyHT7Gp1TYT 0 0.029 2
,,,,,,,30,20000000...3fffffff,000000000000000000000000000000000000000000000000000000003d94cd64,,1LHtnpd8nU5VHEMkG2TMYYNUjjLc992bps 0 0.0303 4
,,,,,,,31,40000000...7fffffff,000000000000000000000000000000000000000000000000000000007d4fe747,,1LhE6sCTuGae42Axu1L1ZB7L96yi9irEBE 0 0.031 2
,,,,,,,32,80000000...ffffffff,00000000000000000000000000000000000000000000000000000000b862a62e,,1FRoHA9xewq7DjrZ1psWJVeTer8gHRqEvR 0 0.032 2
,,,,,,,33,100000000...1ffffffff,00000000000000000000000000000000000000000000000000000001a96ca8d8,,187swFMjz1G54ycVU56B7jZFHFTNVQFDiu 0 0.033 2
,,,,,,,34,200000000...3ffffffff,000000000000000000000000000000000000000000000000000000034a65911d,,1PWABE7oUahG2AFFQhhvViQovnCr4rEv7Q 0 0.034 2
,,,,,,,35,400000000...7ffffffff,00000000000000000000000000000000000000000000000000000004aed21170,,1PWCx5fovoEaoBowAvF5k91m2Xat9bMgwb 0 0.035 2
,,,,,,,36,800000000...fffffffff,00000000000000000000000000000000000000000000000000000009de820a7c,,1Be2UF9NLfyLFbtm3TCbmuocc9N1Kduci1 0 0.036 2
,,,,,,,37,1000000000...1fffffffff,0000000000000000000000000000000000000000000000000000001757756a93,,14iXhn8bGajVWegZHJ18vJLHhntcpL4dex 0 0.037 2
,,,,,,,38,2000000000...3fffffffff,00000000000000000000000000000000000000000000000000000022382facd0,,1HBtApAFA9B2YZw3G2YKSMCtb3dVnjuNe2 0 0.038 2
,,,,,,,39,4000000000...7fffffffff,0000000000000000000000000000000000000000000000000000004b5f8303e9,,122AJhKLEfkFBaGAd84pLp1kfE7xK3GdT8 0 0.03901 4
,,,,,,,40,8000000000...ffffffffff,000000000000000000000000000000000000000000000000000000e9ae4933d6,,1EeAxcprB2PpCnr34VfZdFrkUWuxyiNEFv 0 0.04 2
,,,,,,,41,10000000000...1ffffffffff,00000000000000000000000000000000000000000000000000000153869acc5b,,1L5sU9qvJeuwQUdt4y1eiLmquFxKjtHr3E 0 0.041 2
,,,,,,,42,20000000000...3ffffffffff,000000000000000000000000000000000000000000000000000002a221c58d8f,,1E32GPWgDyeyQac4aJxm9HVoLrrEYPnM4N 0 0.042 2
,,,,,,,43,40000000000...7ffffffffff,000000000000000000000000000000000000000000000000000006bd3b27c591,,1PiFuqGpG8yGM5v6rNHWS3TjsG6awgEGA1 0 0.043 2
,,,,,,,44,80000000000...fffffffffff,00000000000000000000000000000000000000000000000000000e02b35a358f,,1CkR2uS7LmFwc3T2jV8C1BhWb5mQaoxedF 0 0.044 2
,,,,,,,45,100000000000...1fffffffffff,0000000000000000000000000000000000000000000000000000122fca143c05,,1NtiLNGegHWE3Mp9g2JPkgx6wUg4TW7bbk 0 0.045 2
,,,,,,,46,200000000000...3fffffffffff,00000000000000000000000000000000000000000000000000002ec18388d544,,1F3JRMWudBaj48EhwcHDdpeuy2jwACNxjP 0 0.046 2
,,,,,,,47,400000000000...7fffffffffff,00000000000000000000000000000000000000000000000000006cd610b53cba,,1Pd8VvT49sHKsmqrQiP61RsVwmXCZ6ay7Z 0 0.047 2
,,,,,,,48,800000000000...ffffffffffff,0000000000000000000000000000000000000000000000000000ade6d7ce3b9b,,1DFYhaB2J9q1LLZJWKTnscPWos9VBqDHzv 0 0.048 2
,,,,,,,49,1000000000000...1ffffffffffff,000000000000000000000000000000000000000000000000000174176b015f4d,,12CiUhYVTTH33w3SPUBqcpMoqnApAV4WCF 0 0.049 2
,,,,,,,50,2000000000000...3ffffffffffff,00000000000000000000000000000000000000000000000000022bd43c2e9354,,1MEzite4ReNuWaL5Ds17ePKt2dCxWEofwk 0 0.05000546 4
,,,,,,,51,4000000000000...7ffffffffffff,00000000000000000000000000000000000000000000000000075070a1a009d4,,1NpnQyZ7x24ud82b7WiRNvPm6N8bqGQnaS 0 0.10171886 3
,,,,,,,52,8000000000000...fffffffffffff,000000000000000000000000000000000000000000000000000efae164cb9e3c,,15z9c9sVpu6fwNiK7dMAFgMYSK4GqsGZim 0 0.052 2
,,,,,,,53,10000000000000...1fffffffffffff,00000000000000000000000000000000000000000000000000180788e47e326c,,15K1YKJMiJ4fpesTVUcByoz334rHmknxmT 0 0.53 3
,,,,,,,54,20000000000000...3fffffffffffff,00000000000000000000000000000000000000000000000000236fb6d5ad1f43,,1KYUv7nSvXx4642TKeuC2SNdTk326uUpFy 0 0.54002 5
,,,,,,,55,40000000000000...7fffffffffffff,000000000000000000000000000000000000000000000000006abe1f9b67e114,,1LzhS3k3e9Ub8i2W1V8xQFdB8n2MYCHPCa 0 0.60011515 6
,,,,,,,56,80000000000000...ffffffffffffff,000000000000000000000000000000000000000000000000009d18b63ac4ffdf,,17aPYR1m6pVAacXg1PTDDU7XafvK1dxvhi 0 0.71343285 14
,,,,,,,57,100000000000000...1ffffffffffffff,00000000000000000000000000000000000000000000000001eb25c90795d61c,,15c9mPGLku1HuW9LRtBf4jcHVpBUt8txKz 0 0.57038752 10
,,,,,,,58,200000000000000...3ffffffffffffff,00000000000000000000000000000000000000000000000002c675b852189a21,,1Dn8NF8qDyyfHMktmuoQLGyjWmZXgvosXf 0 0.58 3
,,,,,,,59,400000000000000...7ffffffffffffff,00000000000000000000000000000000000000000000000007496cbb87cab44f,,1HAX2n9Uruu9YDt4cqRgYcvtGvZj1rbUyt 0 0.59 3
,,,,,,,60,800000000000000...fffffffffffffff,0000000000000000000000000000000000000000000000000fc07a1825367bbe,,1Kn5h2qpgw9mWE5jKpk8PP4qvvJ1QVy8su 0 0.600015 5
,,,,,,,61,1000000000000000...1fffffffffffffff,00000000000000000000000000000000000000000000000013c96a3742f64906,,1AVJKwzs9AskraJLGHAZPiaZcrpDr1U6AB 0 0.61000793 5
,,,,,,,62,2000000000000000...3fffffffffffffff,000000000000000000000000000000000000000000000000363d541eb611abee,,1Me6EfpwZK5kQziBwBfvLiHjaPGxCKLoJi 0 0.620091 7
,,,,,,,63,4000000000000000...7fffffffffffffff,0000000000000000000000000000000000000000000000007cce5efdaccf6808,,1NpYjtLira16LfGbGwZJ5JbDPh3ai9bjf4 0 0.63004413 8
,,,,,,,64,8000000000000000...ffffffffffffffff,Unsolved,,16jY7qLJnxb7CHZyqBP8qca9d51gAjyXQN 0.64002564 0.64002564 5
,,,,,,,65,10000000000000000...1ffffffffffffffff,000000000000000000000000000000000000000000000001a838b13505b26867,,18ZMbwUFLMHoZBbfpCjUJQTCMCbktshgpe 0 0.65001 5
,,,,,,,66,20000000000000000...3ffffffffffffffff,Unsolved,,13zb1hQbWVsc2S7ZTZnP2G4undNNpdh5so 0.66002666 0.66002666 5
,,,,,,,67,40000000000000000...7ffffffffffffffff,Unsolved,,1BY8GQbnueYofwSuFAT3USAhGjPrkxDdW9 0.67 0.67 2
,,,,,,,68,80000000000000000...fffffffffffffffff,Unsolved,,1MVDYgVaSN6iKKEsbzRUAYFrYJadLYZvvZ 0.68 0.68 2
,,,,,,,69,100000000000000000...1fffffffffffffffff,Unsolved,,19vkiEajfhuZ8bs8Zu2jgmC6oqZbWqhxhG 0.69 0.69 2
,,,,,,,70,200000000000000000...3fffffffffffffffff,0000000000000000000000000000000000000000000000349b84b6431a6c4ef1,,19YZECXj3SxEZMoUeJ1yiPsw8xANe7M7QR 0 0.70001 5
,,,,,,,71,400000000000000000...7fffffffffffffffff,Unsolved,,1PWo3JeB9jrGwfHDNpdGK54CRas7fsVzXU 0.71 0.71 2
,,,,,,,72,800000000000000000...ffffffffffffffffff,Unsolved,,1JTK7s9YVYywfm5XUH7RNhHJH1LshCaRFR 0.72 0.72 2
,,,,,,,73,1000000000000000000...1ffffffffffffffffff,Unsolved,,12VVRNPi4SJqUTsp6FmqDqY5sGosDtysn4 0.73 0.73 2
,,,,,,,74,2000000000000000000...3ffffffffffffffffff,Unsolved,,1FWGcVDK3JGzCC3WtkYetULPszMaK2Jksv 0.74 0.74 2
,,,,,,,75,4000000000000000000...7ffffffffffffffffff,0000000000000000000000000000000000000000000004c5ce114686a1336e07,,1J36UjUByGroXcCvmj13U6uwaVv9caEeAt 0 0.75001 5
,,,,,,,76,8000000000000000000...fffffffffffffffffff,Unsolved,,1DJh2eHFYQfACPmrvpyWc8MSTYKh7w9eRF 0.76 0.76 2
,,,,,,,77,10000000000000000000...1fffffffffffffffffff,Unsolved,,1Bxk4CQdqL9p22JEtDfdXMsng1XacifUtE 0.77 0.77 2
,,,,,,,78,20000000000000000000...3fffffffffffffffffff,Unsolved,,15qF6X51huDjqTmF9BJgxXdt1xcj46Jmhb 0.78 0.78 2
,,,,,,,79,40000000000000000000...7fffffffffffffffffff,Unsolved,,1ARk8HWJMn8js8tQmGUJeQHjSE7KRkn2t8 0.79 0.79 2
,,,,,,,80,80000000000000000000...ffffffffffffffffffff,00000000000000000000000000000000000000000000ea1a5c66dcc11b5ad180,,1BCf6rHUW6m3iH2ptsvnjgLruAiPQQepLe 0 0.80001 5
,,,,,,,81,100000000000000000000...1ffffffffffffffffffff,Unsolved,,15qsCm78whspNQFydGJQk5rexzxTQopnHZ 0.81 0.81 2
,,,,,,,82,200000000000000000000...3ffffffffffffffffffff,Unsolved,,13zYrYhhJxp6Ui1VV7pqa5WDhNWM45ARAC 0.82 0.82 2
,,,,,,,83,400000000000000000000...7ffffffffffffffffffff,Unsolved,,14MdEb4eFcT3MVG5sPFG4jGLuHJSnt1Dk2 0.83 0.83 2
,,,,,,,84,800000000000000000000...fffffffffffffffffffff,Unsolved,,1CMq3SvFcVEcpLMuuH8PUcNiqsK1oicG2D 0.84 0.84 2
,,,,,,,85,1000000000000000000000...1fffffffffffffffffffff,00000000000000000000000000000000000000000011720c4f018d51b8cebba8,,1Kh22PvXERd2xpTQk3ur6pPEqFeckCJfAr 0 0.85001 5
,,,,,,,86,2000000000000000000000...3fffffffffffffffffffff,Unsolved,,1K3x5L6G57Y494fDqBfrojD28UJv4s5JcK 0.86 0.86 2
,,,,,,,87,4000000000000000000000...7fffffffffffffffffffff,Unsolved,,1PxH3K1Shdjb7gSEoTX7UPDZ6SH4qGPrvq 0.87 0.87 2
,,,,,,,88,8000000000000000000000...ffffffffffffffffffffff,Unsolved,,16AbnZjZZipwHMkYKBSfswGWKDmXHjEpSf 0.88 0.88 2
,,,,,,,89,10000000000000000000000...1ffffffffffffffffffffff,Unsolved,,19QciEHbGVNY4hrhfKXmcBBCrJSBZ6TaVt 0.89 0.89 2
,,,,,,,90,20000000000000000000000...3ffffffffffffffffffffff,000000000000000000000000000000000000000002ce00bb2136a445c71e85bf,,1L12FHH2FHjvTviyanuiFVfmzCy46RRATU 0 0.90001774 7
,,,,,,,91,40000000000000000000000...7ffffffffffffffffffffff,Unsolved,,1EzVHtmbN4fs4MiNk3ppEnKKhsmXYJ4s74 0.91 0.91 2
,,,,,,,92,80000000000000000000000...fffffffffffffffffffffff,Unsolved,,1AE8NzzgKE7Yhz7BWtAcAAxiFMbPo82NB5 0.92 0.92 2
,,,,,,,93,100000000000000000000000...1fffffffffffffffffffffff,Unsolved,,17Q7tuG2JwFFU9rXVj3uZqRtioH3mx2Jad 0.93 0.93 2
,,,,,,,94,200000000000000000000000...3fffffffffffffffffffffff,Unsolved,,1K6xGMUbs6ZTXBnhw1pippqwK6wjBWtNpL 0.94 0.94 2
,,,,,,,95,400000000000000000000000...7fffffffffffffffffffffff,0000000000000000000000000000000000000000527a792b183c7f64a0e8b1f4,,19eVSDuizydXxhohGh8Ki9WY9KsHdSwoQC 0 0.95001 5
,,,,,,,96,800000000000000000000000...ffffffffffffffffffffffff,Unsolved,,15ANYzzCp5BFHcCnVFzXqyibpzgPLWaD8b 0.96 0.96 2
,,,,,,,97,1000000000000000000000000...1ffffffffffffffffffffffff,Unsolved,,18ywPwj39nGjqBrQJSzZVq2izR12MDpDr8 0.97 0.97 2
,,,,,,,98,2000000000000000000000000...3ffffffffffffffffffffffff,Unsolved,,1CaBVPrwUxbQYYswu32w7Mj4HR4maNoJSX 0.98 0.98 2
,,,,,,,99,4000000000000000000000000...7ffffffffffffffffffffffff,Unsolved,,1JWnE6p6UN7ZJBN7TtcbNDoRcjFtuDWoNL 0.99 0.99 2
,,,,,,,100,8000000000000000000000000...fffffffffffffffffffffffff,000000000000000000000000000000000000000af55fc59c335c8ec67ed24826,,1KCgMv8fo2TPBpddVi9jqmMmcne9uSNJ5F 0 1.00001 5
,,,,,,,,,,,
,,,,,,,101,10000000000000000000000000...1fffffffffffffffffffffffff,Unsolved,,1CKCVdbDJasYmhswB6HKZHEAnNaDpK7W4n 1.01 1.01 2
,,,,,,,102,20000000000000000000000000...3fffffffffffffffffffffffff,Unsolved,,1PXv28YxmYMaB8zxrKeZBW8dt2HK7RkRPX 1.02 1.02 2
,,,,,,,103,40000000000000000000000000...7fffffffffffffffffffffffff,Unsolved,,1AcAmB6jmtU6AiEcXkmiNE9TNVPsj9DULf 1.03 1.03 2
,,,,,,,104,80000000000000000000000000...ffffffffffffffffffffffffff,Unsolved,,1EQJvpsmhazYCcKX5Au6AZmZKRnzarMVZu 1.04 1.04 2
,,,,37 zeros,,,105,100000000000000000000000000...1ffffffffffffffffffffffffff,000000000000000000000000000000000000016f14fc2054cd87ee6396b33df3,,1CMjscKB3QW7SDyQ4c3C3DEUHiHRhiZVib 0 1.05001 5
,,,,,,,106,200000000000000000000000000...3ffffffffffffffffffffffffff,Unsolved,,18KsfuHuzQaBTNLASyj15hy4LuqPUo1FNB 1.06 1.06 2
,,,,,,,107,400000000000000000000000000...7ffffffffffffffffffffffffff,Unsolved,,15EJFC5ZTs9nhsdvSUeBXjLAuYq3SWaxTc 1.07 1.07 2
,,,,,,,108,800000000000000000000000000...fffffffffffffffffffffffffff,Unsolved,,1HB1iKUqeffnVsvQsbpC6dNi1XKbyNuqao 1.08 1.08 2
,,,,,,,109,1000000000000000000000000000...1fffffffffffffffffffffffffff,Unsolved,,1GvgAXVCbA8FBjXfWiAms4ytFeJcKsoyhL 1.09 1.09 2
,,,,,,,110,2000000000000000000000000000...3fffffffffffffffffffffffffff,00000000000000000000000000000000000035c0d7234df7deb0f20cf7062444,,12JzYkkN76xkwvcPT6AWKZtGX6w2LAgsJg 0 1.10035333 11
,,,,,,,111,4000000000000000000000000000...7fffffffffffffffffffffffffff,Unsolved,,1824ZJQ7nKJ9QFTRBqn7z7dHV5EGpzUpH3 1.11 1.11 2
,,,,,,,112,8000000000000000000000000000...ffffffffffffffffffffffffffff,Unsolved,,18A7NA9FTsnJxWgkoFfPAFbQzuQxpRtCos 1.12 1.12 2
,,,,,,,113,10000000000000000000000000000...1ffffffffffffffffffffffffffff,Unsolved,,1NeGn21dUDDeqFQ63xb2SpgUuXuBLA4WT4 1.13 1.13 2
,,,,,,,114,20000000000000000000000000000...3ffffffffffffffffffffffffffff,Unsolved,,174SNxfqpdMGYy5YQcfLbSTK3MRNZEePoy 1.14 1.14 2
,,,,,,,115,40000000000000000000000000000...7ffffffffffffffffffffffffffff,0000000000000000000000000000000000060f4d11574f5deee49961d9609ac6,,1NLbHuJebVwUZ1XqDjsAyfTRUPwDQbemfv 0 1.15014 9
,,,,,,,116,80000000000000000000000000000...fffffffffffffffffffffffffffff,Unsolved,,1MnJ6hdhvK37VLmqcdEwqC3iFxyWH2PHUV 1.16 1.16 2
,,,,,,,117,100000000000000000000000000000...1fffffffffffffffffffffffffffff,Unsolved,,1KNRfGWw7Q9Rmwsc6NT5zsdvEb9M2Wkj5Z 1.17 1.17 2
,,,,,,,118,200000000000000000000000000000...3fffffffffffffffffffffffffffff,Unsolved,,1PJZPzvGX19a7twf5HyD2VvNiPdHLzm9F6 1.18 1.18 2
,,,,,,,119,400000000000000000000000000000...7fffffffffffffffffffffffffffff,Unsolved,,1GuBBhf61rnvRe4K8zu8vdQB3kHzwFqSy7 1.19 1.19 2
,,,,,,,120,800000000000000000000000000000...ffffffffffffffffffffffffffffff,Unsolved,,17s2b9ksz5y7abUm92cHwG8jEPCzK3dLnT 1.2 1.20001 4
,,,,,,,121,1000000000000000000000000000000...1ffffffffffffffffffffffffffffff,Unsolved,,1GDSuiThEV64c166LUFC9uDcVdGjqkxKyh 1.21 1.21 2
,,,,,,,122,2000000000000000000000000000000...3ffffffffffffffffffffffffffffff,Unsolved,,1Me3ASYt5JCTAK2XaC32RMeH34PdprrfDx 1.22 1.22 2
,,,,,,,123,4000000000000000000000000000000...7ffffffffffffffffffffffffffffff,Unsolved,,1CdufMQL892A69KXgv6UNBD17ywWqYpKut 1.23 1.23 2
,,,,,,,124,8000000000000000000000000000000...fffffffffffffffffffffffffffffff,Unsolved,,1BkkGsX9ZM6iwL3zbqs7HWBV7SvosR6m8N 1.24 1.24 2
,,,,,,,125,10000000000000000000000000000000...1fffffffffffffffffffffffffffffff,Unsolved,,1PXAyUB8ZoH3WD8n5zoAthYjN15yN5CVq5 1.25 1.25001 4
,,,,,,,126,20000000000000000000000000000000...3fffffffffffffffffffffffffffffff,Unsolved,,1AWCLZAjKbV1P7AHvaPNCKiB7ZWVDMxFiz 1.26 1.26 2
,,,,,,,127,40000000000000000000000000000000...7fffffffffffffffffffffffffffffff,Unsolved,,1G6EFyBRU86sThN3SSt3GrHu1sA7w7nzi4 1.27 1.27 2
,,,,,,,128,80000000000000000000000000000000...ffffffffffffffffffffffffffffffff,Unsolved,,1MZ2L1gFrCtkkn6DnTT2e4PFUTHw9gNwaj 1.28 1.28 2
,,,,,,,129,100000000000000000000000000000000...1ffffffffffffffffffffffffffffffff,Unsolved,,1Hz3uv3nNZzBVMXLGadCucgjiCs5W9vaGz 1.29 1.29 2
,,,,,,,130,200000000000000000000000000000000...3ffffffffffffffffffffffffffffffff,Unsolved,,1Fo65aKq8s8iquMt6weF1rku1moWVEd5Ua 1.3 1.30001 4
,,,,,,,131,400000000000000000000000000000000...7ffffffffffffffffffffffffffffffff,Unsolved,,16zRPnT8znwq42q7XeMkZUhb1bKqgRogyy 1.31 1.31 2
,,,,,,,132,800000000000000000000000000000000...fffffffffffffffffffffffffffffffff,Unsolved,,1KrU4dHE5WrW8rhWDsTRjR21r8t3dsrS3R 1.32 1.32 2
,,,,,,,133,1000000000000000000000000000000000...1fffffffffffffffffffffffffffffffff,Unsolved,,17uDfp5r4n441xkgLFmhNoSW1KWp6xVLD 1.33 1.33 2
,,,,,,,134,2000000000000000000000000000000000...3fffffffffffffffffffffffffffffffff,Unsolved,,13A3JrvXmvg5w9XGvyyR4JEJqiLz8ZySY3 1.34 1.34 2
,,,,,,,135,4000000000000000000000000000000000...7fffffffffffffffffffffffffffffffff,Unsolved,,16RGFo6hjq9ym6Pj7N5H7L1NR1rVPJyw2v 1.35 1.35001 4
,,,,,,,136,8000000000000000000000000000000000...ffffffffffffffffffffffffffffffffff,Unsolved,,1UDHPdovvR985NrWSkdWQDEQ1xuRiTALq 1.36 1.36 2
,,,,,,,137,10000000000000000000000000000000000...1ffffffffffffffffffffffffffffffffff,Unsolved,,15nf31J46iLuK1ZkTnqHo7WgN5cARFK3RA 1.37 1.37 2
,,,,,,,138,20000000000000000000000000000000000...3ffffffffffffffffffffffffffffffffff,Unsolved,,1Ab4vzG6wEQBDNQM1B2bvUz4fqXXdFk2WT 1.38 1.38 2
,,,,,,,139,40000000000000000000000000000000000...7ffffffffffffffffffffffffffffffffff,Unsolved,,1Fz63c775VV9fNyj25d9Xfw3YHE6sKCxbt 1.39 1.39 2
,,,,,,,140,80000000000000000000000000000000000...fffffffffffffffffffffffffffffffffff,Unsolved,,1QKBaU6WAeycb3DbKbLBkX7vJiaS8r42Xo 1.4 1.40001 4
,,,,,,,141,100000000000000000000000000000000000...1fffffffffffffffffffffffffffffffffff,Unsolved,,1CD91Vm97mLQvXhrnoMChhJx4TP9MaQkJo 1.41 1.41 2
,,,,,,,142,200000000000000000000000000000000000...3fffffffffffffffffffffffffffffffffff,Unsolved,,15MnK2jXPqTMURX4xC3h4mAZxyCcaWWEDD 1.42 1.42 2
,,,,,,,143,400000000000000000000000000000000000...7fffffffffffffffffffffffffffffffffff,Unsolved,,13N66gCzWWHEZBxhVxG18P8wyjEWF9Yoi1 1.43 1.43 2
,,,,,,,144,800000000000000000000000000000000000...ffffffffffffffffffffffffffffffffffff,Unsolved,,1NevxKDYuDcCh1ZMMi6ftmWwGrZKC6j7Ux 1.44 1.44 2
,,,,,,,145,1000000000000000000000000000000000000...1ffffffffffffffffffffffffffffffffffff,Unsolved,,19GpszRNUej5yYqxXoLnbZWKew3KdVLkXg 1.45 1.45001 4
,,,,,,,146,2000000000000000000000000000000000000...3ffffffffffffffffffffffffffffffffffff,Unsolved,,1M7ipcdYHey2Y5RZM34MBbpugghmjaV89P 1.46 1.46 2
,,,,,,,147,4000000000000000000000000000000000000...7ffffffffffffffffffffffffffffffffffff,Unsolved,,18aNhurEAJsw6BAgtANpexk5ob1aGTwSeL 1.47 1.47 2
,,,,,,,148,8000000000000000000000000000000000000...fffffffffffffffffffffffffffffffffffff,Unsolved,,1FwZXt6EpRT7Fkndzv6K4b4DFoT4trbMrV 1.48 1.48 2
,,,,,,,149,10000000000000000000000000000000000000...1fffffffffffffffffffffffffffffffffffff,Unsolved,,1CXvTzR6qv8wJ7eprzUKeWxyGcHwDYP1i2 1.49 1.49 2
,,,,,,,150,20000000000000000000000000000000000000...3fffffffffffffffffffffffffffffffffffff,Unsolved,,1MUJSJYtGPVGkBCTqGspnxyHahpt5Te8jy 1.5 1.50001 4
,,,,,,,151,40000000000000000000000000000000000000...7fffffffffffffffffffffffffffffffffffff,Unsolved,,13Q84TNNvgcL3HJiqQPvyBb9m4hxjS3jkV 1.51 1.51 2
,,,,,,,152,80000000000000000000000000000000000000...ffffffffffffffffffffffffffffffffffffff,Unsolved,,1LuUHyrQr8PKSvbcY1v1PiuGuqFjWpDumN 1.52 1.52 2
,,,,,,,153,100000000000000000000000000000000000000...1ffffffffffffffffffffffffffffffffffffff,Unsolved,,18192XpzzdDi2K11QVHR7td2HcPS6Qs5vg 1.53 1.53 2
,,,,,,,154,200000000000000000000000000000000000000...3ffffffffffffffffffffffffffffffffffffff,Unsolved,,1NgVmsCCJaKLzGyKLFJfVequnFW9ZvnMLN 1.54 1.54 2
,,,,,,,155,400000000000000000000000000000000000000...7ffffffffffffffffffffffffffffffffffffff,Unsolved,,1AoeP37TmHdFh8uN72fu9AqgtLrUwcv2wJ 1.55 1.55001 4
,,,,,,,156,800000000000000000000000000000000000000...fffffffffffffffffffffffffffffffffffffff,Unsolved,,1FTpAbQa4h8trvhQXjXnmNhqdiGBd1oraE 1.56 1.56 2
,,,,,,,157,1000000000000000000000000000000000000000...1fffffffffffffffffffffffffffffffffffffff,Unsolved,,14JHoRAdmJg3XR4RjMDh6Wed6ft6hzbQe9 1.57 1.57 2
,,,,,,,158,2000000000000000000000000000000000000000...3fffffffffffffffffffffffffffffffffffffff,Unsolved,,19z6waranEf8CcP8FqNgdwUe1QRxvUNKBG 1.58 1.58 2
,,,,,,,159,4000000000000000000000000000000000000000...7fffffffffffffffffffffffffffffffffffffff,Unsolved,,14u4nA5sugaswb6SZgn5av2vuChdMnD9E5 1.59 1.59 2
,,,,,,,160,8000000000000000000000000000000000000000...ffffffffffffffffffffffffffffffffffffffff,Unsolved,,1NBC8uXJy1GiJ6drkiZa1WuKn51ps7EPTv 1.60000793 1.60001793 5
